Volume per atom,Energy (eV) per atom,Energy (Ry) per atom,relaxed a (Angstrom),Convergence Level (eV) (per atom),Convergence Level (Ry)(per atom) 
5.3239962821125815,-751.9241404506756,-51.45311623724311,2.2,7.11350548791529,0.4867672216303589
6.083502366329109,-754.6849235305584,-51.64203275830317,2.3,4.352722408032491,0.2978507005702937
6.912003267108483,-756.600895891734,-51.77314006461712,2.4,2.4367500468569006,0.16674339425635054
7.812507134743286,-757.8517560159219,-51.85873467171112,2.5,1.1858899226690482,0.08114878716234841
8.78800730105175,-758.6106690646872,-51.910666029159856,2.6,0.4269768739037545,0.02921742971361141
9.841497097852109,-759.0376459385909,-51.93988345887347,2.7,0.0,0.0
