Volumes,Energy (eV),Energy (Ry),a (Angstrom),c (Angstrom),Convergence Level (eV) (per atom),Convergence Level (Ry)(per atom) 
23.504471271332726,-1518.1170334785634,-103.88262323709122,2.5,4.3425,0.025825315641441193,0.0035343803877907476
26.43934420826456,-1518.0653828472805,-103.87908885670343,2.6,4.5162,0.0,0.0
