Volumes,Energy (eV),Energy (Ry),relaxed a (Angstrom),Convergence Level (eV) (per atom),Convergence Level (Ry)(per atom) 
7.812507134743286,-757.8517560159219,-51.85873467171112,2.5,0.7589130487652938,0.051931357448737
8.78800730105175,-758.6106690646872,-51.910666029159856,2.6,0.0,0.0
