Cutoff (Ry),Total Force (eV/Angstrom),"Convergence Level (eV/Angstrom), Total"
5,33.445205250937626,29.21712736514508
10,41.324533812570785,37.09645592677823
15,1.6279717084794554,2.6001061773130925
20,4.112635310678476,0.11544257511407174
25,4.247592566084658,0.019514680292110675
30,4.202623954976749,0.025453930815798387
35,4.232268785512725,0.004190899720176944
40,4.229749103472372,0.001671217679824366
45,4.2332715161206185,0.005193630328070853
50,4.228077885792548,0.0
